{"_step":125,"parameters/fc2.bias":{"values":[1,0,0,0,1,0,0,1,0,1,2,0,1,2,0,1,2,0,2,0,0,0,1,1,1,0,1,0,1,1,0,1,1,0,0,0,1,0,0,0,0,0,0,0,0,0,0,0,0,0,0,0,0,0,1,0,0,0,0,0,0,0,0,1],"bins":[-1.0342987775802612,-1.0208349227905273,-1.007371187210083,-0.9939073324203491,-0.98044353723526,-0.9669797420501709,-0.953515887260437,-0.9400520920753479,-0.9265882968902588,-0.9131244421005249,-0.8996606469154358,-0.8861968517303467,-0.8727330565452576,-0.8592692017555237,-0.8458054065704346,-0.8323416113853455,-0.8188778162002563,-0.8054139614105225,-0.7919501662254333,-0.7784863710403442,-0.7650225162506104,-0.7515587210655212,-0.7380949258804321,-0.724631130695343,-0.7111672759056091,-0.69770348072052,-0.6842396855354309,-0.670775830745697,-0.6573120355606079,-0.6438482403755188,-0.6303844451904297,-0.6169205904006958,-0.6034567356109619,-0.5899929404258728,-0.5765291452407837,-0.5630653500556946,-0.5496014952659607,-0.5361377000808716,-0.5226739048957825,-0.5092101097106934,-0.4957462549209595,-0.48228245973587036,-0.46881863474845886,-0.45535483956336975,-0.44189101457595825,-0.42842721939086914,-0.41496339440345764,-0.40149959921836853,-0.38803577423095703,-0.37457194924354553,-0.3611081540584564,-0.3476443290710449,-0.3341805338859558,-0.3207167088985443,-0.3072529137134552,-0.2937890887260437,-0.2803252935409546,-0.2668614685535431,-0.2533976435661316,-0.23993384838104248,-0.22647002339363098,-0.21300621330738068,-0.19954240322113037,-0.18607859313488007,-0.17261478304862976],"_type":"histogram"},"epoch":0,"parameters/fc1.weight":{"bins":[-2.3797526359558105,-2.307379722595215,-2.23500657081604,-2.1626336574554443,-2.0902607440948486,-2.017887592315674,-1.9455146789550781,-1.8731417655944824,-1.8007687330245972,-1.728395700454712,-1.6560227870941162,-1.583649754524231,-1.5112767219543457,-1.43890380859375,-1.3665307760238647,-1.294157862663269,-1.2217848300933838,-1.1494117975234985,-1.0770388841629028,-1.0046658515930176,-0.9322928786277771,-0.8599199056625366,-0.7875468730926514,-0.7151739001274109,-0.6428009271621704,-0.5704279541969299,-0.49805495142936707,-0.4256819486618042,-0.3533089756965637,-0.28093600273132324,-0.20856299996376038,-0.1361900120973587,-0.06381726264953613,0.00855572521686554,0.08092871308326721,0.15330170094966888,0.22567468881607056,0.29804766178131104,0.3704206645488739,0.44279366731643677,0.5151666402816772,0.5875396132469177,0.6599125862121582,0.7322856187820435,0.8046585917472839,0.8770315647125244,0.9494045972824097,1.0217775106430054,1.0941505432128906,1.1665235757827759,1.2388964891433716,1.3112695217132568,1.3836424350738525,1.4560154676437378,1.528388500213623,1.6007614135742188,1.673134446144104,1.7455074787139893,1.817880392074585,1.8902534246444702,1.9626264572143555,2.034999370574951,2.107372283935547,2.1797454357147217,2.2521183490753174],"_type":"histogram","values":[3,1,0,0,1,1,2,2,1,2,6,3,3,4,8,3,2,8,4,7,9,15,6,14,14,25,28,17,36,31,75,70,60,58,55,34,53,28,27,23,25,35,29,12,19,15,15,9,11,10,5,4,6,3,8,1,3,4,0,2,2,1,1,1]},"parameters/fc1.bias":{"_type":"histogram","values":[1,0,0,0,0,0,0,0,0,0,0,1,0,0,1,0,0,1,1,1,0,2,4,3,2,0,2,0,1,0,0,1,1,0,1,1,0,0,0,1,0,0,0,1,1,1,0,0,1,1,0,0,0,0,1,0,0,0,0,0,0,0,0,1],"bins":[-1.8844883441925049,-1.8023436069488525,-1.7201989889144897,-1.6380542516708374,-1.5559096336364746,-1.4737648963928223,-1.3916202783584595,-1.3094755411148071,-1.2273309230804443,-1.145186185836792,-1.0630414485931396,-0.9808968305587769,-0.8987520933151245,-0.8166074156761169,-0.7344627380371094,-0.6523180603981018,-0.5701733827590942,-0.48802870512008667,-0.4058840274810791,-0.32373932003974915,-0.24159464240074158,-0.159449964761734,-0.07730527222156525,0.004839412868022919,0.08698409795761108,0.16912877559661865,0.2512734532356262,0.3334181606769562,0.41556283831596375,0.4977075159549713,0.5798522233963013,0.6619969010353088,0.7441415786743164,0.826286256313324,0.9084309339523315,0.9905756115913391,1.0727202892303467,1.154865026473999,1.2370096445083618,1.3191543817520142,1.401298999786377,1.4834437370300293,1.5655884742736816,1.6477330923080444,1.7298778295516968,1.8120224475860596,1.894167184829712,1.9763118028640747,2.0584564208984375,2.14060115814209,2.222745895385742,2.3048906326293945,2.387035369873047,2.46917986869812,2.5513246059417725,2.633469343185425,2.715614080429077,2.7977588176727295,2.8799033164978027,2.962048053741455,3.0441927909851074,3.1263375282287598,3.208482027053833,3.2906267642974854,3.3727715015411377]},"_wandb":{"runtime":3},"batch":1240,"gradients/fc1.weight":{"bins":[-0.004270353354513645,-0.004072557203471661,-0.003874761052429676,-0.0036769649013876915,-0.003479168750345707,-0.003281372832134366,-0.0030835766810923815,-0.002885780530050397,-0.0026879843790084124,-0.002490188227966428,-0.0022923920769244432,-0.0020945959258824587,-0.001896799891255796,-0.0016990037402138114,-0.0015012077055871487,-0.001303411554545164,-0.0011056154035031796,-0.000907819252461195,-0.0007100231596268713,-0.0005122270667925477,-0.00031443091575056314,-0.00011663479381240904,8.116132812574506e-05,0.00027895745006389916,0.00047675357200205326,0.0006745497230440378,0.0008723458158783615,0.001070141908712685,0.0012679380597546697,0.0014657342107966542,0.001663530245423317,0.0018613263964653015,0.002059122547507286,0.0022569186985492706,0.002454714849591255,0.0026525110006332397,0.0028503071516752243,0.003048103069886565,0.0032458992209285498,0.0034436953719705343,0.003641491523012519,0.0038392876740545034,0.004037083592265844,0.004234879743307829,0.0044326758943498135,0.004630472045391798,0.004828268196433783,0.005026064347475767,0.005223860498517752,0.005421656649559736,0.005619452800601721,0.005817248951643705,0.00601504510268569,0.0062128412537276745,0.006410637404769659,0.006608433555811644,0.006806229241192341,0.007004025392234325,0.00720182154327631,0.0073996176943182945,0.007597413845360279,0.007795209996402264,0.007993006147444248,0.008190802298486233,0.008388598449528217],"_type":"histogram","values":[1,1,0,1,0,3,0,1,3,2,3,7,12,5,20,15,18,36,35,36,60,425,75,32,24,28,15,18,13,7,7,14,10,5,6,2,3,1,4,2,3,1,2,0,0,1,0,0,0,0,0,0,0,1,0,0,0,1,0,0,0,0,0,1]},"gradients/fc2.weight":{"_type":"histogram","values":[1,0,0,2,2,0,0,2,3,1,2,1,2,5,2,5,3,3,3,5,5,6,8,16,9,17,11,20,20,23,27,37,28,28,26,41,32,207,27,20,11,18,19,12,14,13,4,12,10,9,5,7,2,1,2,1,0,1,3,2,0,0,1,3],"bins":[-0.005799794569611549,-0.005645825061947107,-0.005491855554282665,-0.005337886046618223,-0.005183916073292494,-0.005029946565628052,-0.00487597705796361,-0.004722007550299168,-0.004568038042634726,-0.0044140685349702835,-0.004260098561644554,-0.004106129053980112,-0.00395215954631567,-0.003798190038651228,-0.003644220530986786,-0.0034902507904917,-0.003336281282827258,-0.003182311775162816,-0.0030283420346677303,-0.0028743725270032883,-0.002720403019338846,-0.0025664332788437605,-0.0024124637711793184,-0.0022584942635148764,-0.0021045245230197906,-0.0019505550153553486,-0.0017965855076909065,-0.0016426158836111426,-0.0014886462595313787,-0.0013346767518669367,-0.0011807071277871728,-0.0010267376201227307,-0.0008727679960429668,-0.0007187984301708639,-0.0005648288642987609,-0.000410859240218997,-0.000256889674346894,-0.00010292009392287582,5.104948650114238e-05,0.0002050190669251606,0.0003589886473491788,0.0005129582132212818,0.0006669277790933847,0.0008208974031731486,0.0009748669690452516,0.0011288365349173546,0.0012828061589971185,0.0014367756666615605,0.0015907452907413244,0.0017447149148210883,0.0018986844224855304,0.0020526540465652943,0.0022066235542297363,0.002360593294724822,0.002514562802389264,0.002668532310053706,0.002822502050548792,0.002976471558213234,0.003130441065877676,0.003284410573542118,0.003438380314037204,0.003592349821701646,0.003746319329366088,0.0039002890698611736,0.004054258577525616]},"gradients/fc2.bias":{"values":[1,0,0,0,0,0,0,0,0,1,0,0,0,0,0,1,0,0,0,1,0,0,1,0,0,1,0,1,3,0,0,1,0,1,1,1,1,3,1,0,0,0,0,1,3,0,0,0,0,0,0,0,0,0,0,0,0,0,1,0,0,0,0,1],